{
	"info": {
		"matlab_name": "ALL_robust",
		"f_sample": 20,
		"window_length": 1500,
		"noise_th": 15,
		"ll_th": -60,
		"sep_filter": 1
	},
	"models": [
		{
			"gesture": 1,
			"LL": [-5456.454605,-4235.16103,-4043.450481,-3856.253233,-3804.252489,-3785.933413,-3759.791622,-3738.224978,-3727.61943,-3721.764219,-3717.378128,-3713.556135,-3710.031544,-3706.62203,-3703.203505,-3700.212413,-3697.936493,-3696.222197,-3694.884937,-3693.774239,-3692.763813,-3691.709796,-3690.439662,-3689.053036,-3688.002174,-3687.275113,-3686.681609,-3686.131265,-3685.583877,-3685.014007,-3684.395923,-3683.687492,-3682.779871,-3681.436648,-3679.725139,-3678.264558,-3677.124662,-3676.096671,-3675.035836,-3673.685007,-3672.114736,-3671.004084,-3670.227926,-3669.629796,-3669.162902,-3668.793283,-3668.492001],
			"prior": [1,0,0,0,0,0,0,0],
			"transmat": [
				[0.3889060757,0.6110939243,0,0,0,0,0,0],
				[0,0.8577148998,0.1422851002,0,0,0,0,0],
				[0,0,2.383685508e-05,0.9999761631,0,0,0,0],
				[0,0,0,0.7676804759,0.2323195241,0,0,0],
				[0,0,0,0,0.000245713609,0.9997542864,0,0],
				[0,0,0,0,0,0.07357160183,0.9264283982,0],
				[0,0,0,0,0,0,0.8014559617,0.1985440383],
				[0,0,0,0,0,0,0,1]
			],
			"obsmat": [
				[0.1432251385,0.1740666045,0,0.04774171284,0.5373560833,0.0286450277,0,0.06896543311],
				[8.981722776e-37,0.0482834257,0,2.185170577e-51,0.9424229606,0,0,0.009293613693],
				[4.383690483e-95,0.2754584375,0,5.767908666e-10,0.6927963308,0,0,0.03174523113],
				[0.004291388512,0.7436571039,0,0.2072568367,0.0336209239,2.846748304e-205,8.795042246e-259,0.01117374696],
				[0.02393088623,0.1263398963,1.604257005e-30,0.6041846054,0.0002476126698,1.60329095e-87,5.339288748e-287,0.2452969994],
				[0.2025924564,0.008583648357,0.04750474273,0.3419966306,6.887974053e-16,0.06338804674,2.374648751e-63,0.3359344752],
				[0.6052975351,0.007275013042,0.07728007975,0.06019065072,1.515926389e-36,0.05146511012,0.02268647851,0.1758051327],
				[0.01523652229,0.1161400283,0.1396746228,0.04990916631,0.1425943473,0.1448847324,0.01155961143,0.3800009692]
			],
			"cluster_centers": [
				[0.9138409541,-0.1682704184,-0.2174144679],
				[0.09905827478,-0.5064402268,-0.8200189225],
				[0.4652590894,-0.6502135945,0.3067120633],
				[0.7289432061,-0.3361684817,-1.243865649],
				[0.09371902859,-0.1193103635,-1.014517113],
				[-0.1388230462,-0.7713647442,-0.09026989316],
				[-0.3148225385,-1.587718077,-1.582520385],
				[0.4382131621,-0.6331967898,-0.4573648668]
			],
			"idle_th": 0,
			"dir_th": 0,
			"hmm_type": "left to right",
			"f_sample": 20,
			"tested_ll_mean": -63.26716733
		},
		{
			"gesture": 2,
			"LL": [-5456.454605,-3761.275305,-3489.143782,-3144.511647,-2886.920606,-2823.211816,-2810.167544,-2804.221253,-2800.388682,-2797.927697,-2796.240289,-2795.134901,-2794.428013,-2793.925506,-2793.478537,-2792.974218,-2792.286427,-2791.192644,-2789.193338,-2785.099766,-2776.726853,-2763.789083,-2752.378091,-2746.645472,-2744.591835,-2743.949517,-2743.755884],
			"prior": [1,0,0,0,0,0,0,0],
			"transmat": [
				[0.3898905953,0.6101094047,0,0,0,0,0,0],
				[0,0.7198874495,0.2801125505,0,0,0,0,0],
				[0,0,0.6644221056,0.3355778944,0,0,0,0],
				[0,0,0,0.7097077994,0.2902922006,0,0,0],
				[0,0,0,0,0.4746354224,0.5253645776,0,0],
				[0,0,0,0,0,0.5185818056,0.4814181944,0],
				[0,0,0,0,0,0,0.8892052767,0.1107947233],
				[0,0,0,0,0,0,0,1]
			],
			"obsmat": [
				[0.003693136789,0.009535722236,0.02363766349,0.07626367559,0.06673071614,0.8010731668,2.289183537e-273,0.0190659189],
				[0.01143469243,3.841748776e-57,0.003722521516,8.7252415e-26,4.988395698e-14,0.9848427861,5.806071843e-296,0],
				[7.747604212e-20,2.325595718e-11,0.03644086151,0,2.137750943e-186,0.9635591385,0,0],
				[1.024160986e-20,0.004534498015,0.01871226878,2.002218346e-86,2.3019916e-99,0.9767532332,0,0],
				[0.2498843519,5.00683866e-26,0.2018927857,3.747787649e-05,8.12067736e-07,0.5481845724,0,1.978050249e-164],
				[0.04181602817,0.0003747484148,1.382993406e-20,0.05467431982,0.7747816623,0.1283532413,1.293946134e-250,2.393241167e-21],
				[2.77871614e-18,0.3097927475,1.414951459e-184,0.3873089233,7.111855596e-10,2.726943627e-19,0.1436309138,0.1592674148],
				[0.226354039,4.140996596e-41,0.4030439007,1.061953677e-24,0.0019101603,0.3686610087,3.089119904e-05,4.169076295e-82]
			],
			"cluster_centers": [
				[0.3319938505,-0.07683999726,-0.2141263367],
				[-0.2652550982,-0.01599038364,-1.807623182],
				[-0.03547732069,-0.6156811092,-0.6649640317],
				[0.07212860506,0.7917856013,-1.475310918],
				[-0.2235143667,0.5336321609,-0.02204222029],
				[0.01028425598,-0.1853680317,-0.938678503],
				[0.9949411429,0.6952322857,-0.2704444886],
				[-1.101717982,0.844711114,-1.566218509]
			],
			"idle_th": 0,
			"dir_th": 0,
			"hmm_type": "left to right",
			"f_sample": 20,
			"tested_ll_mean": -54.0039658
		},
		{
			"gesture": 3,
			"LL": [-5456.454605,-3704.258949,-3206.598412,-3007.127426,-2893.122387,-2787.84059,-2724.903334,-2706.58796,-2690.781581,-2688.469517,-2686.818105,-2679.754052,-2674.782925,-2670.826293,-2664.113875,-2650.15802,-2594.784226,-2513.061516,-2480.744801,-2461.452403,-2426.423964,-2390.69214,-2377.471708,-2374.577198,-2373.818708,-2373.496366,-2373.314878],
			"prior": [1,0,0,0,0,0,0,0],
			"transmat": [
				[0.338211474,0.661788526,0,0,0,0,0,0],
				[0,0.7198036052,0.2801963948,0,0,0,0,0],
				[0,0,0.562941548,0.437058452,0,0,0,0],
				[0,0,0,0.7881798403,0.2118201597,0,0,0],
				[0,0,0,0,0.6579836529,0.3420163471,0,0],
				[0,0,0,0,0,0.7710334229,0.2289665771,0],
				[0,0,0,0,0,0,0.8726977176,0.1273022824],
				[0,0,0,0,0,0,0,1]
			],
			"obsmat": [
				[0,0.1260050141,0,0.7585890463,0.03268221449,0,0,0.0827237251],
				[0,0.04269278864,0,0.9472473455,0.0100598659,0,0,2.648865838e-22],
				[0,0.06481465177,0,0.6583251951,0.2768601531,0,0,2.157104917e-67],
				[0,0.0296099425,0,0.9703900575,8.093357447e-22,0,0,5.317790134e-22],
				[3.15500264e-32,0.1041119066,0,0.00882620746,1.535110327e-33,2.35715041e-186,0,0.887061886],
				[0.1037504803,0.8551420431,3.724604505e-288,0.01200318641,0.001628583518,6.3159853e-11,5.550378186e-111,0.02747570662],
				[3.650246496e-19,0.002252196752,0.006396532744,0.2534336422,0.5334861969,0.1299126102,0.03755798887,0.03696083236],
				[0,5.139396993e-40,0.5573751203,4.150755634e-30,1.33053049e-11,0.000652211707,0.441972668,1.195620175e-23]
			],
			"cluster_centers": [
				[-0.545838,1.406107027,-1.165297838],
				[-0.1185710524,0.4393735215,-1.050765968],
				[0.9599177362,-0.005083234739,0.2018143053],
				[0.01391152178,-0.09983987787,-0.9733427596],
				[0.48288289,-0.08694048606,-0.8413383376],
				[1.287937973,0.3090496668,-0.9147285676],
				[0.8725622056,-0.2471990671,-0.1589094645],
				[-0.6273063821,0.04727896781,-1.105496638]
			],
			"idle_th": 0,
			"dir_th": 0,
			"hmm_type": "left to right",
			"f_sample": 20,
			"tested_ll_mean": -37.01297648
		},
		{
			"gesture": 4,
			"LL": [-5456.454605,-3715.61051,-3660.452478,-3637.874806,-3608.526113,-3533.491079,-3440.964987,-3404.221404,-3393.674423,-3385.792143,-3376.740005,-3368.14695,-3360.434465,-3352.685045,-3348.104835,-3347.128234,-3346.936957],
			"prior": [1,0,0,0,0,0,0,0],
			"transmat": [
				[0.5746557229,0.4253442771,0,0,0,0,0,0],
				[0,0.5884360252,0.4115639748,0,0,0,0,0],
				[0,0,0.5916517902,0.4083482098,0,0,0,0],
				[0,0,0,0.5964680142,0.4035319858,0,0,0],
				[0,0,0,0,0.5406098275,0.4593901725,0,0],
				[0,0,0,0,0,0.08116967314,0.9188303269,0],
				[0,0,0,0,0,0,0.9496283953,0.05037160473],
				[0,0,0,0,0,0,0,1]
			],