{
	"info": {
		"matlab_name": "all_models_25_4.mat",
		"f_sample": 20,
		"window_length": 1000,
		"noise_th": 11,
		"ll_th": -50,
		"sep_filter": 0
	},
	"models": [
		{
			"gesture": 1,
			"LL": [-2364.595367,-1527.542438,-1492.28805,-1470.580513,-1450.997949,-1434.272368,-1422.861307,-1414.96096,-1407.948388,-1401.59132,-1395.410582,-1391.02735,-1388.72689,-1387.484689,-1386.541135,-1385.69542,-1385.118178,-1384.785394,-1384.556967,-1384.376498,-1384.230581,-1384.113902],
			"prior": [1,0,0,0,0],
			"transmat": [
				[0.4811479757,0.5188520243,0,0,0],
				[0,0.4514480952,0.5485519048,0,0],
				[0,0,0.7066274791,0.2933725209,0],
				[0,0,0,0.8721335112,0.1278664888],
				[0,0,0,0,1]
			],
			"obsmat": [
				[0.01235312636,0.05069853834,0,0.3678962868,0.07466331372,7.061090437e-39,0.3597907403,0.05684797157,0.03046269144,1.586814508e-33,0,0,0.04728733149,0],
				[0.09441211807,0.08907796432,0,0.04708164144,0.1125822907,1.163199454e-11,0.5389686214,0.0001032527267,0.03423040933,3.230590671e-07,0,1.043215464e-192,0.0835433789,2.293227992e-50],
				[0.007716973972,0.04005570816,0,0.02426234117,0.3016427591,0.00216079577,0.01651197154,0.102465657,0.1257114426,0.06043373379,0,1.883891189e-44,0.3138598003,0.005178816479],
				[5.029438656e-11,0.0276217188,0,0.05002805734,0.002973305186,0.01170165747,0.03296917432,0.01196202054,0.0423892631,0.004345715278,0,3.266174871e-10,0.8160090876,3.993404175e-20],
				[9.222991536e-133,0.02031538204,0,0.293867242,0.2326515433,8.616074023e-22,0.3797032557,0.06704863107,4.602267087e-05,2.219185882e-18,0,0.006367811214,1.119787985e-07,0]
			],
			"cluster_centers": [
				[1.62135368,0.06079331186,-1.142170563],
				[1.126744112,0.02793325629,-0.6373553333],
				[0.492676285,0.7047030404,-1.171276983],
				[-0.07673342314,-0.2397591505,-1.300159888],
				[0.5385499618,-0.08552618469,-0.3137673513],
				[-0.8040318386,0.02125315305,-1.276222477],
				[0.6680311071,-0.2255462736,-1.201235064],
				[-0.02825240083,-0.08849444974,-0.6679846218],
				[0.73553483,0.01237790211,0.3537455168],
				[-0.2926112419,0.4245974158,0.2011575618],
				[1.48404,0.9326590469,0.2208202641],
				[-1.497153086,0.4060313636,-1.198425792],
				[0.1667575451,-0.6714143208,-0.2268562859],
				[-0.3564919784,0.712208752,-1.416252608]
			],
			"idle_th": 0.1,
			"dir_th": 0.1,
			"hmm_type": "left to right",
			"f_sample": 20,
			"tested_ll_mean": -24.06934821
		},
		{
			"gesture": 2,
			"LL": [-2971.578553,-2265.642444,-2101.306597,-2017.661605,-1991.024092,-1981.307679,-1976.264372,-1972.084261,-1967.033773,-1960.38224,-1952.827204,-1946.070451,-1941.371709,-1938.742769,-1937.49861,-1936.943809,-1936.594162,-1936.155584,-1935.578285,-1935.040007,-1934.651825,-1934.399559,-1934.239118],
			"prior": [1,0,0,0,0],
			"transmat": [
				[0.6754730113,0.3245269887,0,0,0],
				[0,0.3782204246,0.6217795754,0,0],
				[0,0,0.6409473678,0.3590526322,0],
				[0,0,0,0.7724993106,0.2275006894],
				[0,0,0,0,1]
			],
			"obsmat": [
				[3.257695186e-249,7.422769857e-252,0.01633290445,0.2099074109,0.02041566423,0.005080659598,0.005128474374,0.6315834726,1.484333448e-157,0.008207196438,2.586373573e-166,0.005080275095,0.04661853631,0.051645406],
				[7.723143494e-294,1.539894334e-252,0.0279121437,0.1183925401,0.001537745895,1.542811514e-23,0.0001581254544,0.1641939033,0,0.5882559443,9.376479685e-154,2.442966689e-22,2.466111926e-11,0.09954959733],
				[1.115253016e-196,3.119027695e-152,0.08068471356,0.3795820601,7.506954588e-78,0.2387055376,0.03323085827,5.613831458e-18,0,1.166760801e-05,1.365257838e-67,0.03005758313,3.193046606e-51,0.2377275797],
				[1.599032652e-05,1.459241187e-13,0.3297466821,0.007961507214,7.570900033e-07,0.01272092345,0.00352284328,1.624912177e-12,4.855536903e-24,2.560651915e-56,0.01149036331,0.1235362313,2.181849182e-198,0.5110047019],
				[0.01085107453,0.03530558705,0.0001901193863,0.1081503857,0.2738172848,4.649974048e-32,0.005646184321,0.2276490189,0.07604280289,0.002715814389,0.04284596783,1.169031248e-35,0.2167857602,2.255903563e-24]
			],
			"cluster_centers": [
				[1.62135368,0.06079331186,-1.142170563],
				[1.126744112,0.02793325629,-0.6373553333],
				[0.492676285,0.7047030404,-1.171276983],
				[-0.07673342314,-0.2397591505,-1.300159888],
				[0.5385499618,-0.08552618469,-0.3137673513],
				[-0.8040318386,0.02125315305,-1.276222477],
				[0.6680311071,-0.2255462736,-1.201235064],
				[-0.02825240083,-0.08849444974,-0.6679846218],
				[0.73553483,0.01237790211,0.3537455168],
				[-0.2926112419,0.4245974158,0.2011575618],
				[1.48404,0.9326590469,0.2208202641],
				[-1.497153086,0.4060313636,-1.198425792],
				[0.1667575451,-0.6714143208,-0.2268562859],
				[-0.3564919784,0.712208752,-1.416252608]
			],
			"idle_th": 0.1,
			"dir_th": 0.1,
			"hmm_type": "left to right",
			"f_sample": 20,
			"tested_ll_mean": -31.6059359
		},
		{
			"gesture": 3,
			"LL": [-2053.186602,-1555.951265,-1447.39839,-1416.829522,-1406.640926,-1401.142884,-1395.423134,-1389.016586,-1383.658802,-1379.164454,-1376.588578,-1375.326715,-1374.343233,-1373.306154,-1372.200024,-1371.12263,-1370.14571,-1369.281172,-1368.515397,-1367.83671,-1367.241031,-1366.727241,-1366.292482,-1365.930375,-1365.630635,-1365.378465,-1365.153727,-1364.930351,-1364.675837,-1364.350688,-1363.908598,-1363.298398,-1362.466171,-1361.357085,-1359.946587,-1358.345078,-1356.811398,-1355.529824,-1354.523476,-1353.752433,-1353.173795,-1352.750043,-1352.446763,-1352.232846,-1352.08218,-1351.974577],
			"prior": [1,0,0,0,0],
			"transmat": [
				[0.5570009888,0.4429990112,0,0,0],
				[0,0.5944145461,0.4055854539,0,0],
				[0,0,0.3950653752,0.6049346248,0],
				[0,0,0,0.7759884335,0.2240115665],
				[0,0,0,0,1]
			],
			"obsmat": [
				[9.900555467e-313,0,1.057507374e-226,0.3379678496,0.006931079457,0.3085100606,0.04191435222,0.1868932135,1.710280606e-70,0,0,1.093895397e-20,8.275664991e-300,0.1177834446],
				[2.21785303e-53,3.569086318e-188,6.746448115e-30,0.04451955178,5.77638161e-42,0.3442928773,0.008991055271,0.0003880390015,1.268767308e-69,0,0,0.05703545446,1.159777759e-276,0.5447730222],
				[0.06019948634,2.101137912e-23,0.5387625152,0.1172292499,0.02529504873,0.001247602635,0.1312233326,0.07851216267,2.081466816e-71,4.257419053e-292,7.570715279e-05,2.663057234e-43,6.076110573e-24,0.04745489482],
				[0.03232450859,0.1377197723,5.422538834e-06,0.0539922118,0.3632947915,0.008341960278,0.1636863359,0.201762832,4.911320297e-24,1.691435624e-15,0.01267126988,3.509833552e-13,0.02620089524,4.816286131e-51],
				[2.634954493e-12,0.085815879,1.152334173e-31,2.249394279e-32,0.108742355,3.388340997e-258,1.525968187e-07,2.399422741e-16,0.6723526556,0.02241175519,0.08218063456,0.01494117012,0.01355539791,0]
			],
			"cluster_centers": [
				[1.62135368,0.06079331186,-1.142170563],
				[1.126744112,0.02793325629,-0.6373553333],
				[0.492676285,0.7047030404,-1.171276983],
				[-0.07673342314,-0.2397591505,-1.300159888],
				[0.5385499618,-0.08552618469,-0.3137673513],
				[-0.8040318386,0.02125315305,-1.276222477],
				[0.6680311071,-0.2255462736,-1.201235064],
				[-0.02825240083,-0.08849444974,-0.6679846218],
				[0.73553483,0.01237790211,0.3537455168],
				[-0.2926112419,0.4245974158,0.2011575618],
				[1.48404,0.9326590469,0.2208202641],
				[-1.497153086,0.4060313636,-1.198425792],
				[0.1667575451,-0.6714143208,-0.2268562859],
				[-0.3564919784,0.712208752,-1.416252608]
			],
			"idle_th": 0.1,
			"dir_th": 0.1,
			"hmm_type": "left to right",
			"f_sample": 20,
			"tested_ll_mean": -26.97082314
		},
		{
			"gesture": 4,