{
	"info": {
		"matlab_name": "all_cont_robust.mat",
		"f_sample": 20,
		"window_length": 1500,
		"noise_th": 18,
		"ll_th": -60,
		"sep_filter": 1
	},
	"models": [
		{
			"gesture": 1,
			"LL": [-5456.454605,-4221.023852,-4035.637378,-3884.219955,-3833.032835,-3807.423752,-3777.804667,-3757.15921,-3747.329386,-3741.414681,-3736.821303,-3733.001225,-3729.787427,-3727.067161,-3724.757443,-3722.820844,-3721.256244,-3720.057236,-3719.179671,-3718.547043,-3718.078768,-3717.710709],
			"prior": [1,0,0,0,0,0,0,0],
			"transmat": [
				[0.3328114862,0.6671885138,0,0,0,0,0,0],
				[0,0.8306392649,0.1693607351,0,0,0,0,0],
				[0,0,0.7513497304,0.2486502696,0,0,0,0],
				[0,0,0,0.05576162079,0.9442383792,0,0,0],
				[0,0,0,0,0.001798311334,0.9982016887,0,0],
				[0,0,0,0,0,0.398726476,0.601273524,0],
				[0,0,0,0,0,0,0.7747838236,0.2252161764],
				[0,0,0,0,0,0,0,1]
			],
			"obsmat": [
				[0.6081647974,0,0.17466806,0.06079483476,0,0,0.1563723079,0],
				[0.9379577424,0,0.04684929354,0.01519296409,0,0,8.165129374e-28,2.379057509e-237],
				[0.2349565303,0,0.7525902486,0.01245322106,0,0,1.027752644e-84,1.439024826e-21],
				[0.6608318348,0,0.2269065184,0.06559658564,2.230327458e-126,2.995202228e-169,5.036688164e-16,0.04666506117],
				[0.2238133756,7.493618156e-164,0.1239817973,0.1763734172,1.115056207e-109,2.841920762e-165,0.01507042244,0.4607609874],
				[0.01586139132,3.997653853e-43,2.93665474e-05,0.257455958,2.584523512e-57,1.02938106e-59,0.01470159183,0.7119516923],
				[7.267316293e-15,0.0390523896,0.00621675727,0.2287182056,1.475223369e-06,0.000312288108,0.6468604906,0.07883839356],
				[0.1410184619,0.1442196484,0.1083213417,0.3466001837,0.1632089053,0.01282467121,0.02585811742,0.05794867042]
			],
			"cluster_centers": [
				[0.09371902859,-0.1193103635,-1.014517113],
				[0.4641619558,-0.6500756588,0.3056778042],
				[0.09905827478,-0.5064402268,-0.8200189225],
				[0.4362221332,-0.6338660893,-0.4566353063],
				[-0.1412858319,-0.7729389866,-0.0888464894],
				[-0.3148225385,-1.587718077,-1.582520385],
				[0.9148939655,-0.1697581634,-0.2301100842],
				[0.7231995331,-0.3393365105,-1.252755837]
			],
			"idle_th": 0,
			"dir_th": 0,
			"hmm_type": "left to right",
			"f_sample": 20,
			"tested_ll_mean": -59.79120797
		},
		{
			"gesture": 2,
			"LL": [-5456.454605,-3748.579608,-3490.858117,-3102.119382,-2853.698424,-2805.471311,-2793.856188,-2788.755028,-2785.613509,-2783.53748,-2782.228473,-2781.339145,-2780.546849,-2779.591301,-2778.166231,-2775.700313,-2770.993146,-2762.14889,-2749.180398,-2737.676489,-2732.058401,-2730.395158,-2729.973312,-2729.792316],
			"prior": [1,0,0,0,0,0,0,0],
			"transmat": [
				[0.4139589521,0.5860410479,0,0,0,0,0,0],
				[0,0.735980296,0.264019704,0,0,0,0,0],
				[0,0,0.6582631237,0.3417368763,0,0,0,0],
				[0,0,0,0.6839009978,0.3160990022,0,0,0],
				[0,0,0,0,0.5004576288,0.4995423712,0,0],
				[0,0,0,0,0,0.5122798168,0.4877201832,0],
				[0,0,0,0,0,0,0.8931457774,0.1068542226],
				[0,0,0,0,0,0,0,1]
			],
			"obsmat": [
				[0.02220685405,0.009161937528,1.648800368e-16,0.009156891373,0.858748512,0.04578445686,2.609798636e-310,0.05494134824],
				[0.003833124289,1.220795937e-46,0.004125356276,1.495230013e-280,0.9920415194,9.263188233e-27,1.014446364e-315,1.307364391e-15],
				[0.03411252681,6.133330333e-12,2.741670697e-10,0,0.9658874729,0,0,8.851205565e-198],
				[0.02251358218,0.004936320047,4.730455266e-18,0,0.9725500978,2.338108967e-82,1.344948141e-178,1.14333798e-91],
				[0.2396152051,2.43882962e-18,0.2236017604,8.255844619e-136,0.536357563,0.0004178238437,1.110892077e-39,7.647746444e-06],
				[6.095344444e-09,0.01996266231,0.002688125243,3.509508351e-18,0.1465003651,0.02287523288,0.007815150317,0.8001584581],
				[3.296389578e-66,0.2627619545,4.744330845e-23,0.1636205283,1.183867057e-15,0.395602244,0.178015271,2.23201055e-09],
				[0.3904904687,4.065343119e-36,0.199150139,8.658573116e-43,0.4051338613,4.147269982e-26,0.004249305988,0.0009762249535]
			],
			"cluster_centers": [
				[-0.0378713797,-0.6162727128,-0.6671155851],
				[-0.2619291779,-0.02246965161,-1.808015207],
				[0.3290257385,-0.1301494887,-0.1833235383],
				[-1.099338609,0.8403167565,-1.569476609],
				[0.0103059367,-0.1834855969,-0.9364459557],
				[0.05969147653,0.790839164,-1.489575177],
				[0.8426676552,0.6478428966,-0.3453295138],
				[-0.2393649822,0.5085043149,-0.01020959104]
			],
			"idle_th": 0,
			"dir_th": 0,
			"hmm_type": "left to right",
			"f_sample": 20,
			"tested_ll_mean": -51.72346827
		},
		{
			"gesture": 3,
			"LL": [-5456.454605,-3708.842896,-3212.431086,-3015.529673,-2875.922586,-2756.252061,-2701.619959,-2681.03096,-2658.516872,-2651.648493,-2646.131821,-2639.893195,-2628.313141,-2574.113067,-2453.745544,-2377.13959,-2349.857763,-2345.047469,-2344.151587,-2343.85503,-2343.710802],
			"prior": [1,0,0,0,0,0,0,0],
			"transmat": [
				[0.1386700284,0.8613299716,0,0,0,0,0,0],
				[0,0.7388397469,0.2611602531,0,0,0,0,0],
				[0,0,0.5543150492,0.4456849508,0,0,0,0],
				[0,0,0,0.7801709211,0.2198290789,0,0,0],
				[0,0,0,0,0.6391259137,0.3608740863,0,0],
				[0,0,0,0,0,0.7910859187,0.2089140813,0],
				[0,0,0,0,0,0,0.873075866,0.126924134],
				[0,0,0,0,0,0,0,1]
			],
			"obsmat": [
				[0,0.1577238234,0,0.04139092689,0.7335938457,0,0.01345828081,0.05383312323],
				[0,0.04522616126,0,0.009388775774,0.945385063,0,0,2.428638306e-21],
				[0,0.07356945916,0,0.3037878132,0.6226427277,0,0,2.643763195e-61],
				[0,0.03377156889,1.600492178e-182,9.884339877e-18,0.9662284311,0,0,3.809348093e-14],
				[8.08608802e-66,0.1337094571,3.743572574e-17,4.506467032e-85,0.01054861318,0,0,0.8557419297],
				[0.003090998445,0.8518977882,0.09466419308,3.248969694e-09,0.01466787733,1.594667829e-250,2.455939687e-108,0.03567913965],
				[0.1129113028,0.002236394167,8.855197413e-19,0.5830803206,0.250798117,0.00211464493,0.02612627509,0.0227329454],
				[0.001007699062,8.607029323e-33,0,7.740063231e-08,3.124729791e-26,0.5624664666,0.4365257569,1.457592069e-14]
			],
			"cluster_centers": [
				[1.287937973,0.3090496668,-0.9147285676],
				[-0.1185710524,0.4393735215,-1.050765968],
				[-0.545838,1.406107027,-1.165297838],
				[0.4807811421,-0.086196165,-0.8408155838],
				[0.0133372902,-0.1001692039,-0.9739399603],
				[0.9608501311,-0.005201374311,0.2034377794],
				[0.872155269,-0.2452685876,-0.1580698061],
				[-0.6273063821,0.04727896781,-1.105496638]
			],
			"idle_th": 0,
			"dir_th": 0,
			"hmm_type": "left to right",
			"f_sample": 20,
			"tested_ll_mean": -39.52714876
		},
		{
			"gesture": 4,
			"LL": [-5456.454605,-3564.221763,-3508.547012,-3473.513165,-3420.847534,-3379.285743,-3327.693107,-3273.103214,-3221.714249,-3198.53436,-3183.242361,-3167.652274,-3151.188671,-3145.223151,-3144.275942,-3143.992407],
			"prior": [1,0,0,0,0,0,0,0],
			"transmat": [
				[0.5832089473,0.4167910527,0,0,0,0,0,0],
				[0,0.5937803203,0.4062196797,0,0,0,0,0],
				[0,0,0.5969208904,0.4030791096,0,0,0,0],
				[0,0,0,0.5993709087,0.4006290913,0,0,0],
				[0,0,0,0,0.5484877736,0.4515122264,0,0],
				[0,0,0,0,0,0.05097713831,0.9490228617,0],
				[0,0,0,0,0,0,0.9531644774,0.04683552258],
				[0,0,0,0,0,0,0,1]
			],
			"obsmat": [
				[0.0420087226,0,0,0,0.9579912774,0,0,0],
				[0.03458728503,0,0,0,0.965412715,0,0,0],
				[0.03219196081,0,0,2.004315008e-136,0.9678080392,0,0,0],
				[0.02719872692,1.418525713e-69,1.335314343e-144,1.933257991e-21,0.9728012731,2.646068867e-134,0,1.670147165e-165],
				[0.0357832257,1.481708825e-39,2.999071524e-18,1.033350327e-08,0.964216764,5.351795571e-16,0,4.70806439e-28],
				[0.1304999175,2.991468862e-05,0.04154224224,0.2696400609,0.4524718883,0.1058157301,5.372582437e-123,2.462498554e-07],
				[0.1843945826,8.895677116e-07,0.1152946392,0.210533481,0.1146166051,0.1928519866,3.062588768e-15,0.182307816],
				[0.04609937993,0.04698410554,0.005165515197,0.01078675403,0.7740202082,0.04615731225,0.04363289037,0.02715383451]
			],