{
	"info": {
		"matlab_name": "m02th0left-to-right799.mat",
		"f_sample": 20,
		"window_length": 1500,
		"noise_th": 18,
		"ll_th": -40,
		"sep_filter": 1
	},
	"models": [{
		"gesture": 2,
		"LL": [-5456.454605,-3789.237082,-3546.565664,-3222.739195,-2929.914646,-2851.65803,-2832.582608,-2825.947631,-2821.923915,-2817.581167,-2811.472735,-2801.579781,-2786.389617,-2770.785028,-2761.598968,-2757.933382,-2756.640377,-2756.158964,-2755.954652],
		"prior": [1,0,0,0,0,0,0,0],
		"transmat": [
			[0.415506181,0.584493819,0,0,0,0,0,0],
			[0,0.7191678234,0.2808321766,0,0,0,0,0],
			[0,0,0.6611408621,0.3388591379,0,0,0,0],
			[0,0,0,0.6969934512,0.3030065488,0,0,0],
			[0,0,0,0,0.5142525577,0.4857474423,0,0],
			[0,0,0,0,0,0.5177832083,0.4822167917,0],
			[0,0,0,0,0,0,0.8914863988,0.1085136012],
			[0,0,0,0,0,0,0,1]
		],
		"obsmat": [
			[0.06392901007,0.009139054341,0.7898373633,0.1004598751,3.09765815e-203,0.000103437349,0.01826582795,0.01826543184],
			[6.629900475e-10,8.463233368e-11,0.9906585036,2.877762937e-14,3.296923974e-208,0.009341495666,9.104473511e-61,2.417049827e-121],
			[1.479786459e-103,0.03225034216,0.9676846042,7.675425954e-128,2.072635688e-145,6.505339409e-05,2.11748434e-10,0],
			[1.093704269e-75,0.01364347056,0.981619016,2.077805612e-66,1.422632063e-91,3.24163585e-06,0.004734271764,0],
			[5.711853675e-06,0.2582543668,0.5151349448,3.422929063e-06,2.106990513e-60,0.2266015536,3.003055231e-12,3.415958766e-103],
			[0.8111154832,4.746725569e-14,0.08874707531,0.07001210484,4.901862233e-05,0.03006909407,7.223921072e-06,5.952730431e-16],
			[0.005346114218,2.87774251e-41,1.891834657e-14,0.4115166643,0.1610431494,1.021846019e-13,0.2542370951,0.1678569769],
			[0.0001885302569,0.3564993596,0.4281867309,5.486251795e-20,1.182516081e-05,0.2131246172,0.00198893688,8.966164118e-74]
		],
		"cluster_centers": [
			[-0.229800828,0.5185870456,-0.018228325],
			[-0.03547732069,-0.6156811092,-0.6649640317],
			[0.01069051961,-0.1844551253,-0.9385599933],
			[0.05777402968,0.7889173548,-1.491217871],
			[0.9675031481,0.7465324074,-0.3173377361],
			[0.33872658,-0.07230891226,-0.2118758332],
			[-0.2619291779,-0.02246965161,-1.808015207],
			[-1.099338609,0.8403167565,-1.569476609]
		],
		"idle_th": 0,
		"dir_th": 0,
		"hmm_type": "left-to-right",
		"f_sample": 20,
		"tested_ll_mean": -43.60531109
	}]
}
