{
	"info": {
		"matlab_name": "m_all_no_f_9_5.mat",
		"f_sample": 20,
		"window_length": 1500,
		"noise_th": 21,
		"ll_th": -100,
		"sep_filter": 0
	},
	"models": [
		{
			"gesture": 1,
			"LL": [-6924.886433,-5631.521013,-5473.248162,-5405.770288,-5309.392568,-5234.978028,-5209.851085,-5198.092588,-5191.556748,-5186.421508,-5173.506805,-5146.339465,-5126.89898,-5120.927664,-5119.612349,-5118.383605,-5116.430597,-5111.482139,-5105.104547,-5102.409692,-5097.572696,-5069.726053,-4994.745959,-4978.93763,-4977.918552,-4973.051182,-4952.320441,-4948.040826,-4941.624241,-4930.785536,-4929.753919,-4929.204478,-4928.942331],
			"prior": [1,0,0,0,0],
			"transmat": [
				[0.8060560285,0.1939439715,0,0,0],
				[0,0.6709515063,0.3290484937,0,0],
				[0,0,0.8171335429,0.1828664571,0],
				[0,0,0,0.8239642229,0.1760357771],
				[0,0,0,0,1]
			],
			"obsmat": [
				[0.8571710585,0.03601657591,8.922404196e-154,0.006060079712,1.924199808e-15,0,0.0674645873,0,0,0.02404844868,0.006033511526,0,0,0.003205738341],
				[0.176596473,0.6621004542,6.592120703e-82,1.135710897e-06,0.01028276543,0,0.1371753659,1.046857202e-285,0,0.0003300810653,4.621186565e-05,4.708452348e-24,0,0.01346751282],
				[0.01830999376,0.001135722879,7.701804206e-15,0,6.654319078e-20,0,0.6912294646,7.065443005e-191,0,2.167699708e-36,2.683752176e-94,0.2259919757,3.243141588e-188,0.06333284313],
				[0.05693329271,0.02339361358,0.1531802591,1.037608636e-100,1.778261633e-13,2.32360037e-84,2.034282765e-15,2.054503044e-29,0.00406035171,0.2932529901,0.02045644373,0.07538242477,0.003295676597,0.3700449477],
				[0.0311184095,0.1517142921,0.0129676078,0.1290927722,0.08511611352,0.01418601892,0.09946337348,0.01205811608,0.110369078,0.004309353737,0.1999943607,0.05743453199,0.01905592046,0.07312005146]
			],
			"cluster_centers": [
				[0.08012501804,-0.03020913173,-0.9902433594],
				[0.273148212,-0.5865834434,-0.7089787264],
				[1.113821667,-0.4015272604,-1.171177812],
				[-0.002562315385,-0.8745475113,-0.09282643729],
				[0.108086027,-0.3221453878,-0.1847205818],
				[-0.007840652857,-0.6749793214,1.208786071],
				[0.03431712579,-0.3436259158,-0.949654011],
				[-0.2009221818,-1.604948636,-1.715543636],
				[0.552814366,-0.6572388144,0.2371091752],
				[0.9714526812,-0.02741445942,-0.01645916536],
				[0.4098240216,-0.7603037838,-0.3681399486],
				[0.4305816217,-0.2762707117,-1.328448174],
				[-0.8467702632,-0.9676363158,-0.1247198579],
				[0.7035156869,-0.3571562962,-0.5160865879]
			],
			"idle_th": 0,
			"dir_th": 0,
			"hmm_type": "left to right",
			"f_sample": 20,
			"tested_ll_mean": -85.28219943
		},
		{
			"gesture": 2,
			"LL": [-6924.886433,-5678.536362,-5508.153226,-5463.364318,-5379.215231,-5248.335849,-5146.004704,-5121.915484,-5112.51083,-5101.413475,-5088.567811,-5057.243299,-5013.003285,-4987.496895,-4978.564976,-4964.075554,-4942.755868,-4894.82193,-4777.124353,-4717.643128,-4688.962416,-4680.544737,-4678.575458,-4677.690416,-4675.977196,-4671.809185,-4665.15858,-4660.676591,-4646.843067,-4611.128307,-4568.256924,-4557.561404,-4555.834978,-4555.393986],
			"prior": [1,0,0,0,0],
			"transmat": [
				[0.7751385745,0.2248614255,0,0,0],
				[0,0.7932710048,0.2067289952,0,0],
				[0,0,0.858847775,0.141152225,0],
				[0,0,0,0.9096204661,0.09037953387],
				[0,0,0,0,1]
			],
			"obsmat": [
				[0.2946077253,0.003513459889,0.08229102742,6.653613131e-229,0.003513459889,0,0,0,0.2319421741,0.00702691982,0.03191451999,0,0.2025880153,0.1426026983],
				[3.957396595e-33,0,0.797369813,2.228490605e-179,0,1.783059728e-274,0,1.501192928e-54,0.1558192579,1.459651235e-212,0.008637888806,1.249424024e-109,5.158621389e-39,0.03817304027],
				[1.062770508e-07,0,0.0368724756,3.478851872e-24,0,7.127406786e-12,0,0.03102263806,0.8799443633,0,0.03668615916,0.00408720465,2.319295583e-45,0.01138705294],
				[0.09367091806,0.1302074617,0.006685293739,0.1730993314,0.07352891865,0.08425188697,4.727730951e-251,4.257285643e-08,0.007433425915,0.1270663155,1.924756307e-10,0.01135788671,0.1521733901,0.1405251285],
				[1.63506113e-21,3.4025744e-31,0.181887434,4.952513106e-36,6.017246491e-10,2.202492718e-130,0.06063099239,0.2435516134,0.09301785578,5.19514726e-05,0.2538280529,0.143739422,1.067413494e-12,0.0232926775]
			],
			"cluster_centers": [
				[-0.05414204606,0.320750601,-0.9346383173],
				[-0.7575054717,0.1048734717,-1.788825472],
				[0.08062196748,-0.3665394812,-0.9139645617],
				[0.036477036,-0.1117620032,-1.803412],
				[-1.318193548,1.09855871,-1.542119355],
				[-0.2522874299,0.6274807915,0.3270818958],
				[1.090738026,0.6282710526,-0.1017248855],
				[0.09668767765,-0.6945252649,-0.526632053],
				[0.01472796753,-0.1491082654,-0.9626893132],
				[0.5222675,1.059372364,-1.295618818],
				[-0.268947148,-0.4546225197,-0.8175625],
				[0.4092734543,-0.1602047379,-0.03398716913],
				[-0.210102632,0.699503242,-1.629032785],
				[0.1455045832,0.1596419774,-0.4475520841]
			],
			"idle_th": 0,
			"dir_th": 0,
			"hmm_type": "left to right",
			"f_sample": 20,
			"tested_ll_mean": -79.96395489
		},
		{
			"gesture": 3,
			"LL": [-6924.886433,-4917.022351,-4646.389282,-4293.05478,-4016.851361,-3935.367875,-3897.497807,-3870.358794,-3838.880764,-3821.088043,-3815.172931,-3813.122564,-3812.210005,-3811.688392,-3811.318557],
			"prior": [1,0,0,0,0],
			"transmat": [
				[0.6895373381,0.3104626619,0,0,0],
				[0,0.6826496142,0.3173503858,0,0],
				[0,0,0.816442788,0.183557212,0],
				[0,0,0,0.9124194829,0.0875805171],
				[0,0,0,0,1]
			],
			"obsmat": [
				[0,0,0,0,0.8516352108,0,0.07345372708,0,0.021563174,0,0,0.04849690907,0,0.004850979092],
				[0,1.883749109e-130,0,4.272259421e-88,0.8129114559,0,0.04190543707,0,0.145183107,0,0,3.640043731e-13,0,3.265557762e-42],
				[1.032663529e-92,2.882336243e-104,0,9.964291283e-31,0.976755878,6.398065765e-226,0.02260625908,1.39793745e-126,0.0006300611293,2.208735784e-300,0,7.801821225e-06,1.909654807e-112,5.219933765e-49],
				[0.01896141047,8.157313516e-09,2.182284425e-62,0.03609160418,0.1156696667,1.164134388e-40,0.3297174617,0.007512403229,0.2242938407,0.0138812815,1.994901024e-91,0.2401478918,1.53184139e-09,0.01372442998],
				[0.02383370643,0.1089674089,0.178706559,1.049706872e-62,0.01012345687,0.1917826487,3.587015634e-20,0.01794749644,0.01087695258,6.576760427e-08,0.3809500795,1.888186549e-27,0.06276522953,0.01404639619]
			],
			"cluster_centers": [
				[1.201569,0.0119328068,-1.1375184],
				[0.4664541528,-0.2813709577,-0.679426319],
				[0.8911045982,0.09668112879,0.3205848915],
				[-0.813236,1.328112,-1.090464],
				[0.003722992862,-0.09997131577,-0.9829480449],
				[0.8594364063,-0.3042006809,-0.2131879969],
				[-0.1486366879,0.4538823446,-1.058374887],
				[1.660989655,0.3215382759,0.4169744138],
				[0.3590106963,0.04617186033,-0.9836403704],
				[1.211889167,1.609125,-1.176399417],
				[0.9543873432,-0.1190898848,0.06596789162],
				[-0.615123139,0.04358376956,-1.161860717],
				[0.8058737634,0.1203051548,-0.575011828],
				[-0.4745934618,-0.1112554274,-0.3495592941]
			],
			"idle_th": 0,
			"dir_th": 0,
			"hmm_type": "left to right",
			"f_sample": 20,
			"tested_ll_mean": -64.85511303
		},
		{
			"gesture": 4,
			"LL": [-6924.886433,-5373.867541,-5286.647121,-5281.012538,-5274.718254,-5261.453927,-5241.009967,-5221.17959,-5206.6805,-5195.92993,-5188.254317,-5184.113418,-5181.84336,-5179.862277,-5177.825211,-5175.909414,-5174.12366,-5172.480835,-5171.223311,-5170.301431,-5169.215781,-5167.766236,-5166.414932,-5165.464814,-5164.887341,-5164.334923,-5163.575683,-5162.823444,-5162.329241],
			"prior": [1,0,0,0,0],
			"transmat": [
				[0.7967330181,0.2032669819,0,0,0],
				[0,0.001412819243,0.9985871808,0,0],
				[0,0,0.8299879127,0.1700120873,0],
				[0,0,0,0.1038479628,0.8961520372],
				[0,0,0,0,1]
			],