{
	"info": {
		"matlab_name": "ABGZ_idle0_1_19_6",
		"f_sample": 20,
		"window_length": 1500,
		"noise_th": 15,
		"ll_th": -60,
		"sep_filter": 0
	},
	"models": [
		{
			"gesture": 6,
			"LL": [-825.538292,-628.8210743,-552.6362244,-518.8883268,-498.7937788,-482.0727708,-466.2804627,-452.7484551,-445.6540007,-442.773072,-441.7074028,-441.3231476,-441.1818046,-441.1259974,-441.1016045],
			"prior": [1,0,0,0,0,0,0,0],
			"transmat": [
				[0.6882322169,0.3117677831,0,0,0,0,0,0],
				[0,0.5571158438,0.4428841562,0,0,0,0,0],
				[0,0,0.23715841,0.76284159,0,0,0,0],
				[0,0,0,0.08233153414,0.9176684659,0,0,0],
				[0,0,0,0,0.7818617672,0.2181382328,0,0],
				[0,0,0,0,0,0.5235955275,0.4764044725,0],
				[0,0,0,0,0,0,0.7353241774,0.2646758226],
				[0,0,0,0,0,0,0,1]
			],
			"obsmat": [
				[7.486373098e-125,0,0.3312532696,0.02607491148,3.066253312e-72,0.6231863325,0.01948548644,0],
				[1.234114894e-07,0,2.998416745e-13,0.9302594222,0.06908104153,0.0006594128952,3.304270348e-24,0],
				[0.1907101849,2.478670474e-274,4.593939458e-07,0.09795393187,0.1670643758,0.4764945486,0.06777649936,1.230335507e-312],
				[1.088802452e-22,2.522811349e-261,0.745362053,6.551311663e-22,1.592654334e-05,1.923925718e-07,0.254621828,6.919686805e-174],
				[3.209552703e-64,0,0.000284150872,1.818378389e-98,1.535142816e-11,2.01757979e-55,0.9997158491,9.826891867e-12],
				[1.180190648e-05,1.853962494e-224,0.08883142991,6.583231217e-05,0.7741078114,0.02348449212,0.05394807331,0.05955055905],
				[0.8105630715,3.167363361e-15,4.616427453e-11,0.06613238121,2.747650165e-05,0.1232770707,4.3623908e-19,3.701684131e-12],
				[4.56201857e-08,0.1638411775,0.1349280285,8.786092143e-81,2.27614213e-73,0.2289826485,0.009637716324,0.4626103835]
			],
			"cluster_centers": [
				[0.1422848912,0.5655968724,-1.851843491],
				[0.9550355604,0.3954788345,-1.250391288],
				[0.02981926913,0.3545536814,-0.5998956783],
				[-0.6313807497,0.3292961553,-1.912666076],
				[-0.5565101668,0.971452912,-1.892425846],
				[-0.1310722841,0.3260143887,-1.204037609],
				[0.07966031687,0.3402427556,0.2015877294],
				[-1.107856258,0.3391006067,-0.8265819691]
			],
			"idle_th": 0.1,
			"dir_th": 0.1,
			"hmm_type": "left to right",
			"f_sample": 20,
			"tested_ll_mean": -70.8089754
		},
		{
			"gesture": 7,
			"LL": [-931.5898107,-720.8994952,-622.562693,-580.811857,-559.7493437,-550.3568696,-546.6486926,-545.2112702,-544.3418766,-543.4743853,-542.6222334,-541.9168651,-541.4054591,-541.0569832,-540.8215188,-540.6589277,-540.5423441,-540.4546818,-540.3851977,-540.3271036,-540.2759797],
			"prior": [1,0,0,0,0,0,0,0],
			"transmat": [
				[0.7286060787,0.2713939213,0,0,0,0,0,0],
				[0,0.4990559513,0.5009440487,0,0,0,0,0],
				[0,0,0.5549059503,0.4450940497,0,0,0,0],
				[0,0,0,0.1129441102,0.8870558898,0,0,0],
				[0,0,0,0,0.5563392699,0.4436607301,0,0],
				[0,0,0,0,0,0.5796184032,0.4203815968,0],
				[0,0,0,0,0,0,0.396243525,0.603756475],
				[0,0,0,0,0,0,0,1]
			],
			"obsmat": [
				[0.5767120827,0.4232879173,0,0,0,1.600754726e-130,0,0],
				[2.622903003e-11,0.9999999999,0,0,0,1.072426013e-10,0,0],
				[1.86008908e-47,0.09629458465,2.987983748e-13,8.802532571e-61,0,0.9037054153,0,0],
				[0.04862055042,0.09113751537,0.6098509241,0.0001255528345,0,0.2502654572,0,3.698306063e-260],
				[0.03114003804,8.573285386e-22,5.039270434e-11,0.9411311663,0,2.862478411e-19,0,0.02772879563],
				[2.452885133e-116,1.473134063e-14,9.175149712e-05,0.9736343621,0,1.284885856e-37,0,0.02627388645],
				[0,0.3363737623,0.63834619,2.291603596e-11,5.152901893e-24,0.02527952743,0,5.202830083e-07],
				[0.05432212627,0.01523904874,0.005332726372,6.680958695e-163,0.2271652553,0.2683022832,0.1827198793,0.2469186808]
			],
			"cluster_centers": [
				[0.06110846487,-0.1732293655,-1.605417821],
				[-0.1252134407,-0.2290013013,-0.4789117395],
				[-0.1197924538,0.9650455309,-1.243446865],
				[-0.5745819599,0.7759837682,-1.947473163],
				[1.575934444,0.3771547307,-1.049277149],
				[0.092995841,0.422955741,-0.02132605533],
				[-1.409326245,-0.1863004282,-1.711829441],
				[-0.8716716193,0.2788846628,-0.3030079811]
			],
			"idle_th": 0.1,
			"dir_th": 0.1,
			"hmm_type": "left to right",
			"f_sample": 20,
			"tested_ll_mean": -167.6182547
		},
		{
			"gesture": 12,
			"LL": [-650.8652025,-460.71232,-352.698493,-317.7047347,-305.698283,-299.1647947,-293.5921309,-286.8340993,-278.3508869,-270.7714091,-266.4333426,-264.6192566,-263.9561553,-263.7174333,-263.6298912,-263.5973621,-263.5851985],
			"prior": [1,0,0,0,0,0,0,0],
			"transmat": [
				[0.4896370538,0.5103629462,0,0,0,0,0,0],
				[0,0.4241249772,0.5758750228,0,0,0,0,0],
				[0,0,0.4979860667,0.5020139333,0,0,0,0],
				[0,0,0,0.6734315753,0.3265684247,0,0,0],
				[0,0,0,0,0.5897246493,0.4102753507,0,0],
				[0,0,0,0,0,0.4578272469,0.5421727531,0],
				[0,0,0,0,0,0,0.6630757062,0.3369242938],
				[0,0,0,0,0,0,0,1]
			],
			"obsmat": [
				[0,4.196500657e-100,0,3.750458521e-242,1.362373395e-08,0.5741583144,0.04044685261,0.3853948193],
				[0,2.454134485e-06,0,4.005078958e-26,0.7918277004,4.470660727e-15,0.1031525362,0.1050173092],
				[0,0.125501344,1.548425012e-121,0.0943055102,3.840395537e-07,1.40092537e-178,0.7801927618,1.709657241e-126],
				[2.728199729e-189,1.031047813e-75,1.763790522e-09,0.999999997,6.945723156e-138,0,1.279167201e-09,0],
				[4.046294439e-11,0,0.9999999015,9.849772861e-08,6.023328994e-205,0,1.438121145e-175,1.387848472e-289],
				[0.9999388632,9.706355706e-238,6.113667146e-05,2.487947278e-86,1.231973217e-10,0,0,2.736526359e-14],
				[0.03139530381,1.494727579e-14,3.492045877e-48,0,0.6738196783,0,8.009954068e-07,0.2947842169],
				[3.38490979e-08,0.9824130155,0,0,2.408414778e-05,0,0.01754242226,2.04442734e-05]
			],
			"cluster_centers": [
				[0.4482717478,0.7635747568,-1.100902287],
				[-0.5073171351,-0.05934780939,-1.211140222],
				[0.1975414651,0.9150496565,-1.621655198],
				[-0.548647575,0.8699001351,-1.659309166],
				[0.1718015244,0.3311504955,-0.4515613025],
				[0.220905374,-0.3986682905,-0.6800090949],
				[-0.8284227122,0.5928499315,-1.070141374],
				[0.8025412151,0.1243467793,-0.5419752847]
			],
			"idle_th": 0.1,
			"dir_th": 0.1,
			"hmm_type": "left to right",
			"f_sample": 20,
			"tested_ll_mean": -95.27227401
		}
	]
}
