{
	"info": {
		"matlab_name": "ABGZ_idle0_0_19_6",
		"f_sample": 20,
		"window_length": 1500,
		"noise_th": 15,
		"ll_th": -60,
		"sep_filter": 1
	},
	"models": [
		{
			"gesture": 5,
			"LL": [-1364.113651,-965.7725419,-932.2353524,-922.8704897,-919.1268583,-916.7098567,-915.0607696,-914.1866198,-913.8129799,-913.6238058,-913.4726431,-913.3181194,-913.1555821,-912.9941038,-912.8469123,-912.7233468,-912.6257959,-912.5517536],
			"prior": [1,0,0,0,0,0,0,0],
			"transmat": [
				[0.6007199342,0.3992800658,0,0,0,0,0,0],
				[0,0.6004302448,0.3995697552,0,0,0,0,0],
				[0,0,0.5991859473,0.4008140527,0,0,0,0],
				[0,0,0,0.5947924803,0.4052075197,0,0,0],
				[0,0,0,0,0.548338608,0.451661392,0,0],
				[0,0,0,0,0,0.3737642608,0.6262357392,0],
				[0,0,0,0,0,0,0.1656992744,0.8343007256],
				[0,0,0,0,0,0,0,1]
			],
			"obsmat": [
				[0,1,0,0,0,0,0,0],
				[0,1,0,0,0,0,0,0],
				[0,1,0,0,0,0,0,0],
				[4.423191698e-187,1,8.659178786e-43,0,0,0,0,0],
				[5.579739034e-16,0.9996453309,0.0003546690964,0,0,0,0,1.334053039e-45],
				[0.2964243646,0.002657648767,0.6562533993,5.28656739e-68,3.016728517e-67,1.137004915e-161,4.061700979e-65,0.04466458727],
				[0.1501317534,2.450430619e-29,0.4806115503,5.909994734e-09,1.608009738e-07,1.981536671e-15,2.553703467e-06,0.3692539759],
				[0.07337319277,0.1417151465,0.04804733921,0.2281854051,0.148920994,0.06965659743,0.1849501583,0.1051511667]
			],
			"cluster_centers": [
				[-1.367875833,-0.6672627083,-1.615117917],
				[0.0311160999,-0.353704732,-0.8819158497],
				[-0.5315,-0.3446675357,-0.9457958929],
				[-0.1215415711,0.2627144356,-0.9981851852],
				[0.5863983117,0.4474293766,-0.9005387013],
				[0.7520948571,-0.3862480343,-1.218703714],
				[1.230225269,0.1867552054,-0.6057777204],
				[-0.8687065714,0.1454635286,-1.48358]
			],
			"idle_th": 0,
			"dir_th": 0,
			"hmm_type": "left to right",
			"f_sample": 20,
			"tested_ll_mean": -58.00269135
		},
		{
			"gesture": 6,
			"LL": [-1364.113651,-970.7997897,-925.2833183,-913.7544094,-909.4382783,-906.9378134,-904.8135616,-902.0718693,-900.0008633,-899.0214855,-898.3671668,-897.8717392,-897.5004308,-897.2340214,-897.0522303,-896.9334514,-896.8580235],
			"prior": [1,0,0,0,0,0,0,0],
			"transmat": [
				[0.5435256853,0.4564743147,0,0,0,0,0,0],
				[0,0.4828920208,0.5171079792,0,0,0,0,0],
				[0,0,0.6636621334,0.3363378666,0,0,0,0],
				[0,0,0,0.6780977226,0.3219022774,0,0,0],
				[0,0,0,0,0.6231927161,0.3768072839,0,0],
				[0,0,0,0,0,0.02934675752,0.9706532425,0],
				[0,0,0,0,0,0,0.565477508,0.434522492],
				[0,0,0,0,0,0,0,1]
			],
			"obsmat": [
				[0.02852964467,0,0,6.830422661e-11,0,0,0.3105433822,0.660926973],
				[0,0,0,0.1292769947,0,0,0.03603748675,0.8346855185],
				[0,0,0,1.108344891e-13,3.978416735e-83,0,3.347644496e-07,0.9999996652],
				[0,0,1.504057474e-102,9.023810127e-111,2.027996269e-10,0,8.161840133e-37,0.9999999998],
				[4.279128279e-201,0,7.088667223e-10,5.054307171e-192,0.04710091023,8.308681983e-276,1.469095153e-23,0.9528990891],
				[8.685810642e-13,0,0.7133550083,3.770057861e-32,2.149175562e-18,3.492742288e-25,0.08910313892,0.1975418528],
				[0.04818174613,5.83412368e-123,0.7326483525,0.0003965903817,4.578115454e-44,0.1841281677,0.03335065338,0.001294489846],
				[0.1945412471,0.1410707657,0.01829798443,0.1611869448,0.06045889959,0.07108965791,0.2854244695,0.06793003095]
			],
			"cluster_centers": [
				[-0.3709722105,0.4793866472,-0.7987114242],
				[-1.16800332,0.2966640121,-0.7740421813],
				[-0.6418162085,0.3349594772,-1.906181137],
				[0.108814882,0.5401184748,-1.784220479],
				[0.813443786,0.4580006078,-1.167651413],
				[-0.5584510294,0.9598427783,-1.89770548],
				[0.07556927938,0.3226398758,0.1563162886],
				[0.03662654678,0.1024940881,-0.9994765062]
			],
			"idle_th": 0,
			"dir_th": 0,
			"hmm_type": "left to right",
			"f_sample": 20,
			"tested_ll_mean": -62.80517785
		},
		{
			"gesture": 7,
			"LL": [-1364.113651,-1002.903529,-942.8438727,-926.0078671,-922.3974471,-920.2250697,-918.0537666,-915.7584853,-913.63528,-911.8591848,-910.3815859,-909.0450219,-907.418449,-905.0032452,-902.0746608,-899.6364925,-897.9979508,-896.9830192,-896.3517956,-895.8862875,-895.5016549,-895.2073132,-895.0060704,-894.8731408,-894.7819206,-894.7152439],
			"prior": [1,0,0,0,0,0,0,0],
			"transmat": [
				[0.04651087065,0.9534891293,0,0,0,0,0,0],
				[0,0.4238351695,0.5761648305,0,0,0,0,0],
				[0,0,0.2198280009,0.7801719991,0,0,0,0],
				[0,0,0,0.7337335787,0.2662664213,0,0,0],
				[0,0,0,0,0.8154995284,0.1845004716,0,0],
				[0,0,0,0,0,0.6922833754,0.3077166246,0],
				[0,0,0,0,0,0,0.3373209009,0.6626790991],
				[0,0,0,0,0,0,0,1]
			],
			"obsmat": [
				[0,0,0,0.05959410956,0,0,0.5654834627,0.3749224277],
				[0,0,0,7.843718436e-18,0,0,0.7400557884,0.2599442116],
				[0,0,0,0.04875987746,0,0,0.6801393649,0.2711007576],
				[0,0,0,7.630963277e-09,0,0,0.1959846859,0.8040153065],
				[0,0,6.411942486e-59,4.712509892e-06,0,0,0.9698205956,0.03017469186],
				[0,4.415237458e-172,0.05076411126,0.9443346725,8.20216981e-286,0,0.004901216279,1.232210528e-26],
				[0,1.1603684e-07,0.4956256917,0.4266306968,2.944101186e-24,0,0.07770433131,3.916414987e-05],
				[0.1086985312,0.2853336367,0.08531172103,0.1266265053,0.2038097459,0.135873164,1.93240507e-32,0.05434669596]
			],
			"cluster_centers": [
				[-1.398881449,-0.1631370224,-1.721360933],
				[-0.4805013308,0.8132109748,-1.833807019],
				[0.369759561,0.6548168851,-0.04683047669],
				[-0.09723006399,0.1488948734,-0.1443777001],
				[-0.8912176396,0.3197616034,-0.2753351399],
				[1.57902164,0.3671597848,-1.126432967],
				[-0.1375932761,-0.5511991946,-0.7714310463],
				[0.06206499155,-0.01824565825,-1.327435662]
			],
			"idle_th": 0,
			"dir_th": 0,
			"hmm_type": "left to right",
			"f_sample": 20,
			"tested_ll_mean": -60.6771569
		},
		{
			"gesture": 12,
			"LL": [-1364.113651,-958.0552251,-880.0958005,-860.4996055,-848.9870264,-825.1175218,-805.5367987,-785.7799883,-781.1551632,-779.1468868,-776.8060013,-772.5717437,-764.5664659,-755.0433017,-749.140069,-746.9191743,-746.2922788,-746.1427383,-746.1099392],
			"prior": [1,0,0,0,0,0,0,0],
			"transmat": [
				[0.4291879028,0.5708120972,0,0,0,0,0,0],
				[0,0.6879636972,0.3120363028,0,0,0,0,0],
				[0,0,0.6879991765,0.3120008235,0,0,0,0],
				[0,0,0,0.6761904048,0.3238095952,0,0,0],
				[0,0,0,0,0.5818747923,0.4181252077,0,0],
				[0,0,0,0,0,0.4618891972,0.5381108028,0],
				[0,0,0,0,0,0,0.8027145345,0.1972854655],
				[0,0,0,0,0,0,0,1]
			],
			"obsmat": [
				[0,0,0,0.857296977,0,0,0.142703023,0],
				[0,0,0,0.9999999993,0,0,7.274638896e-10,0],
				[0,0,0,1,0,4.640430807e-109,4.130828078e-84,0],
				[0,0,0,0.9999999941,0,5.885793486e-09,0,0],
				[0,0,3.262040236e-22,1.47404169e-07,1.56436144e-203,0.9999998526,0,0],
				[0,4.446371721e-28,0.9416837349,8.416993732e-68,2.08894337e-15,0.05831626502,6.414381571e-11,0],
				[4.538963462e-08,0.7398204955,3.728580629e-06,0,0.2219461486,3.744221672e-19,0.03822958189,3.321970649e-201],
				[0.1774245226,6.814828243e-15,0.05200374269,0,0.1407160096,0.1560112281,0.3361875311,0.1376569659]
			],
			"cluster_centers": [
				[0.1549294042,0.9024244765,-1.574859659],
				[-0.6770930469,0.8195405415,-1.527646262],
				[-0.03901628502,0.3634504311,-0.3936562023],
				[0.1289335314,-0.5398103752,-0.8226853611],
				[-0.6576400751,0.07935954011,-1.159780149],
				[0.7014117766,0.1684101699,-0.5305267454],
				[0.01724283596,-0.07998560479,-1.013473664],
				[0.4136326209,0.5934420752,-0.8900505829]
			],
			"idle_th": 0,
			"dir_th": 0,
			"hmm_type": "left to right",
			"f_sample": 20,
			"tested_ll_mean": -49.53178042
		}
	]
}
