{
	"info": {
		"matlab_name": "ABGZ_idle0_1_19_6",
		"f_sample": 20,
		"window_length": 1500,
		"noise_th": 15,
		"ll_th": -60,
		"sep_filter": 0
	},
	"models": [
		{
			"gesture": 5,
			"LL": [-621.753021,-500.9741329,-464.9014939,-439.1432061,-421.1984922,-412.4626228,-407.4953436,-403.7661282,-401.0332125,-399.3958913,-398.4826944,-397.9393035,-397.575257,-397.3008229,-397.0710598,-396.8613805,-396.6588416,-396.4584805,-396.2610203,-396.0707441,-395.8931875,-395.7330377,-395.5929137,-395.4732385,-395.3728101,-395.2895321,-395.2209894,-395.164802,-395.1188059,-395.081128],
			"prior": [1,0,0,0,0,0,0,0],
			"transmat": [
				[0.4529782088,0.5470217912,0,0,0,0,0,0],
				[0,0.3747523613,0.6252476387,0,0,0,0,0],
				[0,0,0.03342632325,0.9665736767,0,0,0,0],
				[0,0,0,0.6976791024,0.3023208976,0,0,0],
				[0,0,0,0,0.6308842959,0.3691157041,0,0],
				[0,0,0,0,0,0.5602121319,0.4397878681,0],
				[0,0,0,0,0,0,0.8047331177,0.1952668823],
				[0,0,0,0,0,0,0,1]
			],
			"obsmat": [
				[6.907215831e-51,0.04268517755,0.9231140188,0,0.03420080366,3.209812633e-229,3.685695555e-11,8.452575736e-142],
				[0.08624100679,0.4838927605,7.544030712e-06,0,2.413985794e-19,1.132783449e-21,0.4298586885,2.165446386e-10],
				[0.2697499438,0.2048428662,0.1207839914,0,0.1629793503,0.1208217096,6.237056687e-10,0.120822138],
				[0.7808921984,0.02234491102,2.499369987e-23,7.091388e-123,0.1967135869,6.768621281e-25,4.930360549e-05,7.938854712e-11],
				[7.452220935e-16,0.5951338825,0.1946019968,1.727162321e-09,0.06684902629,7.692940526e-248,0.03903514874,0.104379944],
				[5.668257914e-25,5.386008584e-13,0.04303948235,0.2749158843,1.186727884e-14,2.758849653e-301,0.2193082624,0.462736371],
				[0.08168600858,0.06128672133,1.631928352e-33,1.718989194e-12,0.5716857018,1.29507111e-18,0.1700790921,0.1152624762],
				[2.239770961e-06,8.571765864e-09,0.5217379574,0,1.875325168e-32,0.4782597943,9.393098362e-21,1.184494507e-18]
			],
			"cluster_centers": [
				[1.26541589,0.2074197685,-0.6534581781],
				[-0.8502058462,0.06458545231,-1.368751846],
				[-0.1043646848,-0.3444443544,-0.8311534177],
				[-1.117152,-1.23571,-1.370466],
				[0.5756227273,0.4554013091,-0.9450243636],
				[0.6905910345,-0.3614366276,-1.227753448],
				[-1.429468824,-0.4549390853,-1.650308824],
				[-0.2532339486,0.4751074324,-1.134595676]
			],
			"idle_th": 0.1,
			"dir_th": 0.1,
			"hmm_type": "left to right",
			"f_sample": 20,
			"tested_ll_mean": -26.34174023
		},
		{
			"gesture": 6,
			"LL": [-825.538292,-628.8210743,-552.6362244,-518.8883268,-498.7937788,-482.0727708,-466.2804627,-452.7484551,-445.6540007,-442.773072,-441.7074028,-441.3231476,-441.1818046,-441.1259974,-441.1016045],
			"prior": [1,0,0,0,0,0,0,0],
			"transmat": [
				[0.6882322169,0.3117677831,0,0,0,0,0,0],
				[0,0.5571158438,0.4428841562,0,0,0,0,0],
				[0,0,0.23715841,0.76284159,0,0,0,0],
				[0,0,0,0.08233153414,0.9176684659,0,0,0],
				[0,0,0,0,0.7818617672,0.2181382328,0,0],
				[0,0,0,0,0,0.5235955275,0.4764044725,0],
				[0,0,0,0,0,0,0.7353241774,0.2646758226],
				[0,0,0,0,0,0,0,1]
			],
			"obsmat": [
				[7.486373098e-125,0,0.3312532696,0.02607491148,3.066253312e-72,0.6231863325,0.01948548644,0],
				[1.234114894e-07,0,2.998416745e-13,0.9302594222,0.06908104153,0.0006594128952,3.304270348e-24,0],
				[0.1907101849,2.478670474e-274,4.593939458e-07,0.09795393187,0.1670643758,0.4764945486,0.06777649936,1.230335507e-312],
				[1.088802452e-22,2.522811349e-261,0.745362053,6.551311663e-22,1.592654334e-05,1.923925718e-07,0.254621828,6.919686805e-174],
				[3.209552703e-64,0,0.000284150872,1.818378389e-98,1.535142816e-11,2.01757979e-55,0.9997158491,9.826891867e-12],
				[1.180190648e-05,1.853962494e-224,0.08883142991,6.583231217e-05,0.7741078114,0.02348449212,0.05394807331,0.05955055905],
				[0.8105630715,3.167363361e-15,4.616427453e-11,0.06613238121,2.747650165e-05,0.1232770707,4.3623908e-19,3.701684131e-12],
				[4.56201857e-08,0.1638411775,0.1349280285,8.786092143e-81,2.27614213e-73,0.2289826485,0.009637716324,0.4626103835]
			],
			"cluster_centers": [
				[0.1422848912,0.5655968724,-1.851843491],
				[0.9550355604,0.3954788345,-1.250391288],
				[0.02981926913,0.3545536814,-0.5998956783],
				[-0.6313807497,0.3292961553,-1.912666076],
				[-0.5565101668,0.971452912,-1.892425846],
				[-0.1310722841,0.3260143887,-1.204037609],
				[0.07966031687,0.3402427556,0.2015877294],
				[-1.107856258,0.3391006067,-0.8265819691]
			],
			"idle_th": 0.1,
			"dir_th": 0.1,
			"hmm_type": "left to right",
			"f_sample": 20,
			"tested_ll_mean": -70.8089754
		},
		{
			"gesture": 12,
			"LL": [-650.8652025,-460.71232,-352.698493,-317.7047347,-305.698283,-299.1647947,-293.5921309,-286.8340993,-278.3508869,-270.7714091,-266.4333426,-264.6192566,-263.9561553,-263.7174333,-263.6298912,-263.5973621,-263.5851985],
			"prior": [1,0,0,0,0,0,0,0],
			"transmat": [
				[0.4896370538,0.5103629462,0,0,0,0,0,0],
				[0,0.4241249772,0.5758750228,0,0,0,0,0],
				[0,0,0.4979860667,0.5020139333,0,0,0,0],
				[0,0,0,0.6734315753,0.3265684247,0,0,0],
				[0,0,0,0,0.5897246493,0.4102753507,0,0],
				[0,0,0,0,0,0.4578272469,0.5421727531,0],
				[0,0,0,0,0,0,0.6630757062,0.3369242938],
				[0,0,0,0,0,0,0,1]
			],
			"obsmat": [
				[0,4.196500657e-100,0,3.750458521e-242,1.362373395e-08,0.5741583144,0.04044685261,0.3853948193],
				[0,2.454134485e-06,0,4.005078958e-26,0.7918277004,4.470660727e-15,0.1031525362,0.1050173092],
				[0,0.125501344,1.548425012e-121,0.0943055102,3.840395537e-07,1.40092537e-178,0.7801927618,1.709657241e-126],
				[2.728199729e-189,1.031047813e-75,1.763790522e-09,0.999999997,6.945723156e-138,0,1.279167201e-09,0],
				[4.046294439e-11,0,0.9999999015,9.849772861e-08,6.023328994e-205,0,1.438121145e-175,1.387848472e-289],
				[0.9999388632,9.706355706e-238,6.113667146e-05,2.487947278e-86,1.231973217e-10,0,0,2.736526359e-14],
				[0.03139530381,1.494727579e-14,3.492045877e-48,0,0.6738196783,0,8.009954068e-07,0.2947842169],
				[3.38490979e-08,0.9824130155,0,0,2.408414778e-05,0,0.01754242226,2.04442734e-05]
			],
			"cluster_centers": [
				[0.4482717478,0.7635747568,-1.100902287],
				[-0.5073171351,-0.05934780939,-1.211140222],
				[0.1975414651,0.9150496565,-1.621655198],
				[-0.548647575,0.8699001351,-1.659309166],
				[0.1718015244,0.3311504955,-0.4515613025],
				[0.220905374,-0.3986682905,-0.6800090949],
				[-0.8284227122,0.5928499315,-1.070141374],
				[0.8025412151,0.1243467793,-0.5419752847]
			],
			"idle_th": 0.1,
			"dir_th": 0.1,
			"hmm_type": "left to right",
			"f_sample": 20,
			"tested_ll_mean": -95.27227401
		}
	]
}
