{
	"info": {
		"matlab_name": "AtoG_l2r_6_6.mat",
		"f_sample": 20,
		"window_length": 2000,
		"noise_th": 10,
		"ll_th": -150,
		"sep_filter": 1
	},
	"models": [
		{
			"gesture": 6,
			"LL": [-682.0568257,-528.9995481,-507.7223408,-496.1145418,-492.4693502,-490.7274934,-489.2977718,-487.8339601,-486.9579834,-486.596755,-486.3548512,-486.0787667,-485.7322762,-485.3122204,-484.8213096,-484.2520715,-483.6464522,-483.13747,-482.7702755,-482.4975977,-482.2902543,-482.1336886,-482.0162678,-481.9282128,-481.8617246,-481.8107883,-481.7708212],
			"prior": [1,0,0,0,0,0,0,0],
			"transmat": [
				[0.7588777978,0.2411222022,0,0,0,0,0,0],
				[0,0.3861208345,0.6138791655,0,0,0,0,0],
				[0,0,0.01088310729,0.9891168927,0,0,0,0],
				[0,0,0,0.01178163969,0.9882183603,0,0,0],
				[0,0,0,0,0.7970392952,0.2029607048,0,0],
				[0,0,0,0,0,0.0689654831,0.9310345169,0],
				[0,0,0,0,0,0,0.7032912847,0.2967087153],
				[0,0,0,0,0,0,0,1]
			],
			"obsmat": [
				[0,0,0,0.1782029194,5.106988335e-19,0,0,0.8217970806],
				[0,0,0,0.4149361754,0.3069395607,0,0,0.2781242639],
				[0,0,0,0.6258768162,3.54970016e-08,0,3.491447213e-274,0.3741231483],
				[0,3.523413831e-24,0,0.6267985308,3.982299734e-25,0,0.1157884945,0.2574129747],
				[0,0.02565559336,2.131145055e-188,0.9147045272,0.03268037992,8.617428726e-67,0.02695948623,1.32933114e-08],
				[0,0.2314487812,1.48567167e-146,0.2737638212,0.4875022716,0.007285126044,2.180433811e-67,2.305306135e-76],
				[0,8.595953413e-24,2.427630369e-138,0.05726271652,0.1537431491,0.7889941343,5.809579086e-21,0],
				[0.1258950597,0.1049125569,0.0786844123,0.1552345886,0.1173848186,0.08741403222,0.3252289042,0.005245627486]
			],
			"cluster_centers": [
				[-1.377580679,0.2813227289,-0.7419153557],
				[-0.6294124726,0.3649952428,-0.5229099557],
				[0.7304418333,0.4082656115,-1.612641507],
				[-0.06004406419,0.2454330059,-1.00863994],
				[-0.201366938,0.3040270161,-1.756661828],
				[-0.7578218964,0.693265203,-1.90119785],
				[0.1390058618,0.3667496053,0.08005195299],
				[0.1624104699,-0.1705414294,-0.9739674779]
			],
			"idle_th": 0,
			"dir_th": 0,
			"hmm_type": "left to right",
			"f_sample": 20,
			"tested_ll_mean": -84.58395256
		},
		{
			"gesture": 7,
			"LL": [-682.0568257,-492.6668658,-459.3521072,-440.7249389,-433.7924982,-430.9292584,-430.1768361,-429.9649387,-429.852632,-429.7670086,-429.6940315,-429.6302863,-429.5750591,-429.5282189,-429.4893944],
			"prior": [1,0,0,0,0,0,0,0],
			"transmat": [
				[0.5490238884,0.4509761116,0,0,0,0,0,0],
				[0,0.5272181758,0.4727818242,0,0,0,0,0],
				[0,0,0.4522536367,0.5477463633,0,0,0,0],
				[0,0,0,0.4981602858,0.5018397142,0,0,0],
				[0,0,0,0,0.5085845897,0.4914154103,0,0],
				[0,0,0,0,0,0.6986837333,0.3013162667,0],
				[0,0,0,0,0,0,0.8118076593,0.1881923407],
				[0,0,0,0,0,0,0,1]
			],
			"obsmat": [
				[3.633261083e-316,0,0,0.7326967893,0,0.2673032107,0,0],
				[4.153526006e-49,0,0,0.7170639771,0,0.2829360229,0,0],
				[1.306625904e-05,0,0,0.6757073226,0,0.3242796111,0,0],
				[0.7712554492,0,0,2.221982309e-06,0,0.2287423288,0,2.028400867e-228],
				[0.7635194892,0,0,0.05846163394,0,0.1780188769,0,4.172913392e-32],
				[0.04803132227,0,5.556899298e-201,0.001818214384,0,0.9487662855,7.469335782e-183,0.001384177806],
				[8.738132964e-22,0,2.975652333e-13,0.05447694147,0,3.178011133e-12,8.205184328e-18,0.9455230585],
				[0.02817638764,0.1634230483,0.2704933213,0.04893788582,0.1014349955,9.986505798e-89,0.1972347135,0.1902996479]
			],
			"cluster_centers": [
				[0.00296949088,-0.1980078435,-1.660221969],
				[1.432227798,0.3025108205,-1.158302193],
				[-0.3612709183,0.6079857407,-1.887071852],
				[0.0718516293,0.1148291742,-0.9797446154],
				[-1.12849897,-0.1852271083,-1.757610999],
				[-0.06531831298,-0.523326928,-0.7946613183],
				[-0.9155683753,0.1561097325,-0.336156589],
				[0.0300077188,0.1536596741,-0.09751030842]
			],
			"idle_th": 0,
			"dir_th": 0,
			"hmm_type": "left to right",
			"f_sample": 20,
			"tested_ll_mean": -47.76851583
		},
		{
			"gesture": 8,
			"LL": [-682.0568257,-460.2614521,-394.1502739,-371.3767031,-352.6499523,-337.7368749,-332.8037751,-331.0422994,-329.3209903,-327.3380647,-326.3395206,-326.029048,-325.87241,-325.7626532,-325.6808273,-325.6206349,-325.5774005,-325.5467769],
			"prior": [1,0,0,0,0,0,0,0],
			"transmat": [
				[0.5496771366,0.4503228634,0,0,0,0,0,0],
				[0,0.3497892763,0.6502107237,0,0,0,0,0],
				[0,0,0.6141308681,0.3858691319,0,0,0,0],
				[0,0,0,0.7043408345,0.2956591655,0,0,0],
				[0,0,0,0,0.7345778452,0.2654221548,0,0],
				[0,0,0,0,0,0.6923079252,0.3076920748,0],
				[0,0,0,0,0,0,0.7894744421,0.2105255579],
				[0,0,0,0,0,0,0,1]
			],
			"obsmat": [
				[0.114501769,0,0,0,0.3940325055,0,0,0.4914657255],
				[0.2281531994,0,0,0,6.863536378e-13,0,0,0.7718468006],
				[0.007656757593,0,0,0,2.812303181e-85,0,0,0.9923432424],
				[2.299417647e-13,0,0,0,0,5.629393273e-87,0,1],
				[2.788646926e-118,0,0,0,0,2.482596023e-08,0,0.9999999752],
				[7.866661943e-07,0,0,0,0,0.9999992132,1.193201123e-81,8.950186684e-11],
				[0.4736819671,5.443515727e-150,0,4.137354694e-06,0,7.800813752e-10,0.5263138948,1.177481289e-270],
				[2.499202712e-116,0.2115386747,0.2243592005,0.1923068783,0.3717952465,0,3.659575265e-14,0]
			],
			"cluster_centers": [
				[0.1586726459,0.06548213769,-0.4837519784],
				[-0.08103539711,0.6960939972,-1.389444257],
				[0.3934996816,0.5844886946,-0.986526218],
				[-0.5917308973,0.4994795982,-1.387485432],
				[-0.01568376746,0.227557323,-0.9518468473],
				[0.8646014809,-0.1182614533,-0.5481456618],
				[-0.4456147208,0.1944526166,-0.8249625954],
				[0.1668351938,-0.5338650312,-0.8235720847]
			],
			"idle_th": 0,
			"dir_th": 0,
			"hmm_type": "left to right",
			"f_sample": 20,
			"tested_ll_mean": -69.35287016
		},
		{
			"gesture": 9,
			"LL": [-682.0568257,-492.5975352,-459.0315491,-450.0739722,-446.2652179,-444.2507392,-442.9477368,-442.0253712,-441.3053795,-440.8164452,-440.5441215,-440.3872155,-440.2751259,-440.1734261,-440.0631996,-439.9313745,-439.7668227,-439.5597501,-439.3038076,-439.0001895,-438.6608556,-438.3044777,-437.9375556,-437.5188246,-436.918361,-435.9375232,-434.5314195,-433.1119017,-432.2133764,-431.7889209,-431.5781155,-431.4557581,-431.3772969,-431.3228321,-431.2805251],
			"prior": [1,0,0,0,0,0,0,0],
			"transmat": [
				[0.5510245375,0.4489754625,0,0,0,0,0,0],
				[0,0.3502161065,0.6497838935,0,0,0,0,0],
				[0,0,0.07381062178,0.9261893782,0,0,0,0],
				[0,0,0,0.8547851103,0.1452148897,0,0,0],
				[0,0,0,0,0.01267841549,0.9873215845,0,0],
				[0,0,0,0,0,0.3889999585,0.6110000415,0],
				[0,0,0,0,0,0,0.5116910182,0.4883089818],
				[0,0,0,0,0,0,0,1]
			],
			"obsmat": [
				[0.1289393772,0,0,0.1683657984,0.3098412947,0,3.247851064e-22,0.3928535297],
				[0.3290307042,0,0,0,0.5085233224,0,0.1624459734,2.235261589e-14],
				[0.6778994437,0,0,0,0.3221005563,0,3.14946826e-35,1.474148254e-171],
				[0.9765006453,0,0,0,0.02349935472,0,0,0],
				[1.342262586e-07,0,0,0,0.9999998658,0,1.528415341e-27,0],
				[4.778573836e-62,0,0,0,0.3084651874,1.931944303e-129,0.6915348126,4.931318377e-46],
				[0,0,0,7.228645658e-18,2.053377524e-07,2.657453545e-10,0.5576480352,0.4423517592],
				[0,0.188235324,0.1271860297,0.3815580891,4.246232866e-110,0.09666138256,0.1109547951,0.09540437952]
			],
			"cluster_centers": [
				[-0.1088222584,-0.5605700836,-0.8237528109],
				[-0.9378756264,0.2721026971,-0.2836659414],
				[0.7234500552,0.4803714087,-1.494833043],
				[-0.362528906,0.5485658857,-1.890813506],
				[-0.05620774199,-0.2726009328,-0.5064471895],
				[0.5355092765,0.4511417516,-0.4430611577],
				[-0.08249482976,0.3231154756,-0.1965351313],
				[-0.2041806887,0.4467781295,-1.115881302]
			],
			"idle_th": 0,
			"dir_th": 0,
			"hmm_type": "left to right",
			"f_sample": 20,
			"tested_ll_mean": -52.19055839
		},
		{
			"gesture": 10,