{
	"info": {
		"matlab_name": "m_g2_no_f_8_5.mat",
		"f_sample": 20,
		"window_length": 1000,
		"noise_th": 11,
		"ll_th": -40
	},
	"models": [{
		"gesture": 2,
		"LL": [-6924.886433,-5630.74912,-5483.267639,-5428.450701,-5331.668071,-5229.211217,-5050.36406,-4999.933446,-4989.465756,-4986.689858,-4985.696413,-4985.225493],
		"prior": [1,0,0,0,0],
		"transmat": [
			[0.8072109969,0.1927890031,0,0,0],
			[0,0.6690599813,0.3309400187,0,0],
			[0,0,0.8794201469,0.1205798531,0],
			[0,0,0,0.6846652299,0.3153347701],
			[0,0,0,0,1]
		],
		"obsmat": [
			[0.1475704422,0.003012328173,9.593413732e-06,0.2228902237,5.872435233e-172,0.0180678528,0.05332060144,1.702743201e-165,0.006024656346,0.1494192006,5.701828867e-183,0.3674976018,0.03218749955,3.46243258e-36],
			[3.099985512e-05,5.065582215e-189,0.103392522,2.196538579e-58,4.053783257e-114,6.421120263e-45,0.581889433,9.999181691e-193,8.419696567e-89,0.3130592851,1.173279012e-66,6.237831591e-08,0.001627697654,1.276829364e-85],
			[4.641779436e-10,1.448546307e-151,6.379949555e-08,8.177625386e-12,1.562541132e-25,1.606465069e-188,0.02884113501,0,1.141659838e-167,0.9711585943,6.858016532e-40,1.796077207e-07,2.679577182e-08,6.47310243e-13],
			[0.4024618231,1.805045219e-12,0.02506933733,0.02680288033,0.001112626654,4.09021877e-19,0.1826349735,0,1.5465539e-14,0.0004261282922,4.808353578e-11,0.1223360852,0.05222275041,0.1869333951],
			[0.02038493314,0.06143689087,0.1142808622,0.06436881007,0.07372592882,0.0572964796,0.07505024937,0.03934722225,0.03175389865,0.08765647689,0.162221004,0.01951892126,0.1875727311,0.005385591787]
		],
		"cluster_centers": [
			[-0.01940127326,0.35277382,-0.4280501657],
			[-0.7703807843,0.1171092647,-1.783208824],
			[0.3851456,-0.1216447389,-0.1039279624],
			[-0.2090279929,0.6969770222,-1.614747022],
			[0.01830669141,-0.1128037297,-1.814646875],
			[0.520056982,1.056215045,-1.292980811],
			[0.140016874,-0.3219883669,-0.7853453591],
			[1.083149474,0.6398313158,-0.09571379342],
			[-1.302520313,1.088358906,-1.519297031],
			[0.01726444297,-0.2155550585,-0.9787117401],
			[0.08767787862,-0.7148683039,-0.5271357951],
			[0.007240240573,0.2269814445,-0.9712326872],
			[-0.2468000515,-0.4624718675,-0.8262756928],
			[-0.2486813608,0.645689549,0.5159833255]
		],
		"idle_th": 0,
		"dir_th": 0,
		"hmm_type": "left to right",
		"f_sample": 20,
		"tested_ll_mean": -80.01107817
	}]
}
