{
	"info": {
		"matlab_name": "m_g3_no_f_L1_only_8_5.mat",
		"f_sample": 20,
		"window_length": 2000,
		"noise_th": 21,
		"ll_th": -100
	},
	"models": [{
		"gesture": 3,
		"LL": [-865.6108041,-663.4614907,-611.9732395,-598.7665097,-581.9916561,-564.8497626,-560.5993831,-559.1647762,-558.325638,-557.655424,-556.8409866,-555.4537212,-551.3993831,-542.2812593,-537.2239629,-536.2227172,-536.0009816,-535.8758371,-535.7435402,-535.5708544,-535.3171287,-534.9072428,-534.2024156,-532.9953792,-531.1472952,-528.9067028,-526.936559,-525.7054044,-525.0571427,-524.3360578,-522.1427505,-514.6981412,-503.6518087,-499.8317655,-499.1190935,-498.9953271,-498.9733819],
		"prior": [1,0,0,0,0],
		"transmat": [
			[0.4094906212,0.5905093788,0,0,0],
			[0,0.8951789013,0.1048210987,0,0],
			[0,0,0.5040869926,0.4959130074,0],
			[0,0,0,0.8545424379,0.1454575621],
			[0,0,0,0,1]
		],
		"obsmat": [
			[0,0,0,0,0.3696612422,0,0,2.029171521e-43,0,0.482711413,0,0.1476273447,0,0],
			[0,0,0,0,1.123565083e-18,0,0,0.1310263734,0,0.8689736266,0,0,0,0],
			[0,0,0,0,0.8053607317,0,0,5.963969112e-46,0,0.1946392683,8.923816361e-93,4.33700789e-45,0,1.022505515e-17],
			[0,3.673603367e-256,0.2000034901,0,2.950977475e-10,5.606776991e-46,0,1.654485472e-171,0,3.274495088e-33,0.2727329289,0.34546171,0,0.1818018707],
			[0.2035914238,0.1496995763,2.166250822e-07,0.07784377968,0,0.02993991526,0.2874231865,0.05987983052,0.1257476441,0,1.713613071e-42,1.136164045e-124,0.06586781358,6.61362297e-06]
		],
		"cluster_centers": [
			[0.9413025714,-0.07018573714,-0.1252743429],
			[0.2941147879,0.01448306788,-0.8455369697],
			[0.01320269231,0.6627392308,-1.046466154],
			[0.8559846667,0.1375114147,0.08139237333],
			[-0.2794180769,0.4323103846,-0.9408596154],
			[0.936038,0.516106,-0.358972],
			[0.9737082258,-0.04329524516,0.02548776129],
			[0.110725619,0.3464561905,-0.9336128571],
			[0.8601004,0.019864832,0.2380828],
			[-0.069455606,0.3706464,-0.9277581],
			[-0.2459177778,0.6956705556,-1.085108333],
			[-0.4886814286,0.6183492857,-0.9480464286],
			[0.688204,-0.0416002,-0.465606],
			[0.3806064286,0.4057578571,-0.9821671429]
		],
		"idle_th": 0,
		"dir_th": 0,
		"hmm_type": "left to right",
		"f_sample": 20,
		"tested_ll_mean": -63.42197795
	}]
}
