{
	"info": {
		"matlab_name": "m_g3_no_f_8_5.mat",
		"f_sample": 20,
		"window_length": 1000,
		"noise_th": 10,
		"ll_th": -40
	},
	"models": 
	[
		{
			"gesture": 3,
			"LL": [-6924.886433,-4906.706148,-4582.765841,-4160.546361,-3948.238058,-3904.373098,-3880.225545,-3866.91745,-3862.239185,-3860.172115,-3859.030303,-3858.342868,-3857.80924,-3857.181281,-3856.32691,-3855.43982,-3854.824233,-3854.502791],
			"prior": [1,0,0,0,0],
			"transmat": [
				[0.7903891543,0.2096108457,0,0,0],
				[0,0.5572902545,0.4427097455,0,0],
				[0,0,0.8014699643,0.1985300357,0],
				[0,0,0,0.8876590911,0.1123409089],
				[0,0,0,0,1]
			],
			"obsmat": [
				[0,0.003275169464,0,0,0.8975293271,0.003275169464,0.05233090082,0,0.01386881675,0,0,0.02972061638,5.804852134e-179,0],
				[0,0,0,3.025508611e-148,0.5388381972,0,0.0758910296,0,0.3852707729,0,0,3.525827586e-10,0,1.528341258e-118],
				[6.823864817e-103,1.264189968e-116,0,1.987937959e-34,0.9687338462,1.207892129e-286,0.03099358653,4.102697317e-292,5.605681757e-08,0,0,0.0002725112099,3.033060872e-121,9.412187078e-58],
				[0.008693960619,7.194787801e-19,1.544395227e-134,0.02984055393,0.01195423765,5.345053068e-47,0.4845744604,1.974111146e-24,0.1966791318,1.356369779e-06,2.632121486e-146,0.2682562773,5.416964132e-10,2.136092335e-08],
				[0.0281168927,0.1021805671,0.1240206883,1.245489697e-19,0.05223089612,0.2059211428,1.793577376e-24,0.0163800909,0.03121736935,0.00467942325,0.3517819522,0.001570532609,0.06474035904,0.01716008574]
			],
			"cluster_centers": [
				[1.201569,0.0119328068,-1.1375184],
				[0.4664541528,-0.2813709577,-0.679426319],
				[0.8911045982,0.09668112879,0.3205848915],
				[-0.813236,1.328112,-1.090464],
				[0.003722992862,-0.09997131577,-0.9829480449],
				[0.8594364063,-0.3042006809,-0.2131879969],
				[-0.1486366879,0.4538823446,-1.058374887],
				[1.660989655,0.3215382759,0.4169744138],
				[0.3590106963,0.04617186033,-0.9836403704],
				[1.211889167,1.609125,-1.176399417],
				[0.9543873432,-0.1190898848,0.06596789162],
				[-0.615123139,0.04358376956,-1.161860717],
				[0.8058737634,0.1203051548,-0.575011828],
				[-0.4745934618,-0.1112554274,-0.3495592941]
			],
			"idle_th": 0,
			"dir_th": 0,
			"hmm_type": "left to right",
			"f_sample": 20,
			"tested_ll_mean": -72.34020501
		}
	]
}
