{
	"info": {
		"matlab_name": "m_g4_no_f_8_5.mat",
		"f_sample": 20,
		"window_length": 1500,
		"noise_th": 15,
		"ll_th": -70
	},
	
	"models": [{
		"gesture": 4,
		"LL": [-6924.886433,-5380.506916,-5309.557808,-5305.245034,-5301.640709,-5293.964154,-5278.940505,-5259.665486,-5244.041852,-5232.85004,-5224.894837,-5219.816292,-5216.22042,-5212.67236,-5209.481696,-5207.530303,-5206.223665,-5205.125413,-5204.32531,-5203.634396,-5202.795724,-5201.963174,-5200.956005,-5199.738752,-5198.680651,-5197.995604,-5197.567322],
		"prior": [1,0,0,0,0],
		"transmat": [
			[0.8062977145,0.1937022855,0,0,0],
			[0,0.00308616974,0.9969138303,0,0],
			[0,0,0.8024908473,0.1975091527,0],
			[0,0,0,0.07823998449,0.9217600155],
			[0,0,0,0,1]
		],
		"obsmat": [
			[0,0,0,0,0.1318697004,0,0,0,0.02130693604,0,0,0,0,0.8468233635],
			[0,0,0,0,0.4726822686,0,1.934864772e-80,6.338262426e-172,0.09377027325,0,0,0,0,0.4335474582],
			[1.914615455e-98,0,1.54568798e-57,1.694743755e-55,0.8675986842,2.274111386e-58,2.63641321e-13,4.658045195e-19,0.02293458106,0,4.886651754e-62,9.554393792e-46,4.715112872e-52,0.1094667348],
			[0.01482816845,4.204137385e-316,0.07826514623,0.0449438669,0.05096886585,3.224856715e-15,0.2569922854,5.756894785e-14,0.1592948787,2.91361185e-277,0.09708746356,0.001394906492,0.04510078408,0.2511236344],
			[0.0604437259,0.0201532747,0.1005299069,0.03152595278,0.1630850103,0.1040344721,0.07525146258,0.0174298592,0.1168064102,0.0114383451,0.0464391285,0.03698569732,0.07672871568,0.1391480387]
		],
		"cluster_centers": [
			[0.98151976,-0.117558269,-1.21437192],
			[1.690178298,1.135466809,0.4203038936],
			[0.8242605556,0.1761916509,-0.0705769453],
			[1.753883721,0.06134127442,-0.993182907],
			[-0.1076924647,-0.1638897855,-0.9784708701],
			[0.6436254405,0.1331806627,0.4996928175],
			[0.4980402116,-0.1029703772,-0.8941956614],
			[-1.571018605,0.4282149767,-0.6849264186],
			[-0.4347231818,-0.08757505099,-0.9009624148],
			[-0.1565466786,1.043477143,0.8805614286],
			[0.1730845942,-0.1158131942,-0.3118270107],
			[-0.5156149485,0.09793658144,-0.3376784742],
			[1.019587849,-0.03647338548,-0.6305034946],
			[-0.03630967564,-0.01576522461,-0.9637090341]
		],
		"idle_th": 0,
		"dir_th": 0,
		"hmm_type": "left to right",
		"f_sample": 20,
		"tested_ll_mean": -83.93706312
	}
	]
}
